SampleName,ODI_HOMO_1,ODI_HOMO,ODI_LUMO,ODI_LUMO_Add1,ODI_Mean,ODI_Std,AtomNum,Weight,HOMO,HOMO_number,LUMO,HOMO_LUMO_Gap,Farthest_Distance,Mol_Radius,Mol_Size_Short,Mol_Size_2,Mol_Size_L,Length_Ratio,Len_Div_Diameter,MPP,SDP,Dipole_Moment,Quadrupole_Moment,Octopole_Moment,Volume,Density,ESPmin,ESPmax,Overall_Surface_Area,Pos_Surface_Area,Neg_Surface_Area,Overall_Average,Pos_Average,Neg_Average,Overall_Variance,Nu,Pi,MPI,Nonpolar_Area,Polar_Area,ALIEmin,ALIEmax,ALIE_Ave,ALIE_Var,LEAmin,LEAmax,LEA_Ave,LEA_Var,em,Solvent,dft,SampleName
05a1_WB97XD_Chloroform,11.82,9.87,8.27,10.72,10.17,1.296630248,34,252.26691,-0.23284,67,-0.013951,0.218888,20,6.818,4.188,11.421,13.165,0.457531104,0.965459079,0.433174,1.787805,7.90E-05,21.838079,0.0202,2018.36518,1.4006,-32.8476,19.28357,1030.00979,552.90023,477.10956,-0.0025665,0.0136841,-0.02139857,0.00020708,0.18050553,0.01751484,0.46960066,51.07,48.93,10.49298,17.41263,0.51237191,0.0021489,-38.57099,-13.29736,-0.8227227,0.040166,596,4.4,554,05a1_WB97XD_Chloroform
05ANGEW-01_WB97XD_Cyclohexane,7.01,7.57,7.05,9.81,7.86,1.147301181,62,352.55694,-0.217242,97,0.024808,0.24205,37,7.229,6.392,13.689,14.233,0.414786967,0.984437682,1.053191,3.96639,2.10E-05,12.823278,0.0038,3365.99707,1.1737,-28.9171,9.72608,1532.0028,1005.33384,526.66896,-0.00089823,0.00632803,-0.0146921,0.00019213,0.06719511,0.00951583,0.25043753,86.77,13.23,10.10305,15.64972,0.48990235,0.00126031,-31.48205,-13.96322,-0.7791742,0.028773,439,0.1,411.67,05ANGEW-01_WB97XD_Cyclohexane
05ANGEW-02_WB97XD_Cyclohexane,9.05,8.05,8.21,11.31,9.155,1.300874706,50,296.45047,-0.225107,81,0.010218,0.235325,37,7.229,6.384,12.037,14.367,0.438178602,0.993705907,0.975284,4.064473,7.40E-05,14.964266,0.0042,2768.43482,1.2,-25.21854,13.03426,1275.25831,840.63162,434.6267,-0.00034893,0.00821807,-0.01691877,0.00015778,0.10877253,0.01129682,0.30431566,80.97,19.03,9.87521,15.77206,0.48646747,0.00183961,-31.39985,-13.36734,-0.7853745,0.026179,469,0.1,442.4,05ANGEW-02_WB97XD_Cyclohexane
05ANGEW-03_WB97XD_Cyclohexane,9.51,8.22,7.3,9.11,8.535,0.852305696,56,432.44647,-0.240667,113,-0.019726,0.220941,56,7.576,6.413,14.263,14.856,0.418101993,0.980464625,0.979707,4.02122,0.000119,49.651907,0.0055,3238.27918,1.4965,-18.6022,27.76875,1521.37443,969.0121,552.36232,0.00472566,0.01664923,-0.01619192,0.00012583,0.2453272,0.01536278,0.44853058,47.11,52.89,10.82383,18.89159,0.52926612,0.00382767,-40.32631,-14.70456,-0.9041116,0.058262,523,0.1,498.15,05ANGEW-03_WB97XD_Cyclohexane
05ANGEW-04_WB97XD_Cyclohexane,7.96,7.89,6.25,7.36,7.365,0.684269684,68,440.57603,-0.236644,119,-0.027919,0.208725,66,9.84,6.84,13.846,19.496,0.485192375,0.990650407,1.019075,4.401524,0.000236,53.662869,0.0842,3838.38211,1.2862,-42.82245,19.15397,1826.48528,1262.39069,564.09459,0.00195482,0.01248144,-0.02160275,0.00039901,0.06916458,0.01459047,0.41629272,66.03,33.97,10.72778,16.63982,0.50156112,0.00130947,-37.90159,-13.48819,-0.812064,0.035493,566,0.1,537.88,05ANGEW-04_WB97XD_Cyclohexane
05ANGEW-05_WB97XD_Cyclohexane,7.8,7.82,6.11,7.41,7.285,0.697800115,60,380.52398,-0.235977,103,-0.031548,0.204429,60,8.529,6.413,13.761,15.767,0.438691188,0.924317036,0.933168,3.999989,0.001007,50.003004,0.1105,3399.8191,1.2542,-43.50586,23.26938,1593.77671,1100.50613,493.27058,0.00209655,0.01370711,-0.02380706,0.00046281,0.09602194,0.01607786,0.4580498,59.41,40.59,10.60782,15.90895,0.49778501,0.00127628,-37.65694,-13.41752,-0.8120349,0.035129,656,0.1,559.53,05ANGEW-05_WB97XD_Cyclohexane
05ANGEW_1_WB97XD_Chloroform,8.9,8.47,8.21,8.2,8.445,0.284121453,36,345.17837,-0.281745,89,-0.044175,0.23757,36,8.315,4.258,12.081,16.603,0.504007043,0.998376428,0.419673,1.857778,0.0774,40.210333,8.8993,2466.56081,1.5682,-42.23096,30.20837,1231.6998,773.16007,458.53972,0.00468933,0.02223657,-0.0248977,0.00037315,0.23609297,0.02218499,0.63204591,30.38,69.62,11.37481,16.74153,0.51348124,0.00181661,-37.85189,-13.09362,-0.8944054,0.035031,482,4.4,451.9,05ANGEW_1_WB97XD_Chloroform
05ANGEW_2_WB97XD_Chloroform,8.09,8.36,7.95,6.68,7.77,0.646335826,36,414.06837,-0.288748,105,-0.048446,0.240303,34,8.263,5.66,11.996,16.402,0.481590228,0.992496672,0.536189,2.673665,1.95921,33.162453,186.7425,2739.65697,1.6936,-36.12556,35.71577,1348.13412,727.93321,620.20091,0.00397093,0.02236674,-0.01762034,0.00033352,0.24949435,0.02002502,0.54921255,44.16,55.84,11.52196,16.85816,0.5121098,0.00159138,-37.8195,-12.52865,-0.9120903,0.027444,478,4.4,439.31,05ANGEW_2_WB97XD_Chloroform
05ANGEW_3_WB97XD_Chloroform,8.54,8.26,7.84,6.37,7.7525,0.836163112,36,482.95836,-0.292674,121,-0.05069,0.241985,32,8.271,6.424,11.87,16.193,0.469539247,0.978902188,0.57014,2.924359,0.000824,28.240306,0.0135,2998.57158,1.8048,-30.79123,25.61124,1430.28927,729.37009,700.91919,0.00211727,0.01809667,-0.01451075,0.00025208,0.24999652,0.01636557,0.44461704,60.17,39.83,11.61686,16.39438,0.51336785,0.00116526,-37.88479,-13.64367,-0.928553,0.022409,579,4.4,432.15,05ANGEW_3_WB97XD_Chloroform
05ANGEW_4_WB97XD_Chloroform,9.38,8.42,7.94,7.69,8.3575,0.646002128,36,384.23116,-0.295618,97,-0.051795,0.243823,36,7.624,5.087,11.86,15.021,0.469876126,0.985112802,0.468763,2.167117,0.189093,34.164248,8.8318,2376.91235,1.8114,-30.33953,27.95162,1195.32569,666.67437,528.65132,0.00543787,0.02312052,-0.01686145,0.00023839,0.24983704,0.01994264,0.55381566,41.07,58.93,11.65409,19.55116,0.5651167,0.00399994,-40.4363,-13.62712,-1.0182697,0.053866,584,4.4,426.31,05ANGEW_4_WB97XD_Chloroform
05ANGEW_5_WB97XD_Chloroform,9.32,8.36,7.83,7.3,8.2025,0.746135879,42,484.24624,-0.297505,121,-0.052554,0.244952,42,8.385,5.781,11.86,16.745,0.486971442,0.998509243,0.824951,3.11088,0.222676,34.82981,62.0912,2792.54835,1.9432,-29.91328,28.33379,1378.94965,712.57963,666.37003,0.00455845,0.02230292,-0.0144165,0.0002554,0.24879642,0.01859008,0.50318881,47.4,52.6,11.69259,19.77001,0.58113717,0.00476213,-41.26846,-13.62928,-1.0695456,0.059302,583,4.4,421.4,05ANGEW_5_WB97XD_Chloroform
05ANGEW_6_WB97XD_Chloroform,9.2,8.35,7.8,7.06,8.1025,0.781676883,48,584.26132,-0.29742,145,-0.052601,0.244819,47,9.393,6.664,11.774,18.777,0.504554615,0.99952092,0.999755,3.993581,0.523392,34.546599,83.0038,3204.14432,2.0433,-29.8126,28.56905,1565.54407,786.35239,779.19168,0.0039539,0.02082259,-0.01306982,0.0002602,0.24508357,0.0171944,0.46161204,54.16,45.84,11.69061,19.80751,0.59168331,0.0050297,-41.70395,-13.62452,-1.1081096,0.06196,584,4.4,421.61,05ANGEW_6_WB97XD_Chloroform
05b1_WB97XD_Chloroform,11.31,9.84,8.27,10.73,10.0375,1.146938861,40,280.32014,-0.232441,75,-0.013463,0.218978,38,7.151,4.188,11.631,12.22,0.435821534,0.854425954,0.48763,1.787866,1.30E-05,21.999848,0.0216,2328.70273,1.3489,-33.2189,19.05662,1184.66361,674.06815,510.59546,-0.0026746,0.01101767,-0.0207506,0.00022578,0.17687773,0.01569755,0.41395603,59.19,40.81,10.47807,17.34034,0.50811507,0.00180436,-38.82623,-13.3086,-0.8152548,0.039822,599,4.4,553.8,05b1_WB97XD_Chloroform
05BMeS-p-A_WB97XD_THF,11.68,11.7,10.3,11.65,11.3325,0.596379703,28,264.32178,-0.251155,69,-0.007298,0.243857,27,5.642,5.535,8.894,11.27,0.438538465,0.998759305,1.081705,2.771435,7.363942,30.443585,362.3237,1830.41641,1.6182,-42.92884,47.47907,908.92129,526.59234,382.32895,0.0041096,0.03338725,-0.03621532,0.00063743,0.23554856,0.03397929,0.94088393,16.98,83.02,10.94532,18.09113,0.51620313,0.00239519,-37.34409,-12.80931,-0.8701375,0.050605,490,4.2,458.81,05BMeS-p-A_WB97XD_THF
05Bule1a_WB97XD_dichloromethane,13.82,12.36,10.66,10.81,11.9125,1.286766782,29,223.22565,-0.277867,59,0.009545,0.287412,21,5.709,4.191,10.789,10.821,0.419402349,0.947714136,0.405828,1.791211,2.488838,23.69841,192.3464,1772.64161,1.4111,-44.12727,47.31282,915.31254,463.98244,451.3301,-0.00181499,0.01842264,-0.02261996,0.00044204,0.23054253,0.02055187,0.55762362,43.63,56.37,11.02181,18.01764,0.5148752,0.00198837,-38.24884,-13.27715,-0.8366903,0.04125,386,3.4,335.19,05Bule1a_WB97XD_dichloromethane
05c1_WB97XD_Chloroform,11.24,9.81,8.2,10.47,9.93,1.119709784,46,308.37338,-0.230013,83,-0.012229,0.217784,20,6.805,6.735,12.741,12.841,0.397345051,0.943497428,0.961092,4.334875,0.000576,22.121818,0.0861,2613.52044,1.3222,-33.11158,19.22577,1284.31522,707.80857,576.50664,-0.00228849,0.01096542,-0.01856105,0.00024008,0.17632364,0.01473263,0.39116268,62.54,37.46,10.6409,17.34648,0.50886009,0.00151835,-38.85386,-13.34976,-0.8113901,0.038478,606,4.4,558.38,05c1_WB97XD_Chloroform
05CAJ-11_WB97XD_DMSO,12.72,12.12,26.59,15.95,16.845,5.811783289,30,257.21878,-0.289709,67,-0.058245,0.231464,29,5.897,5.503,9.425,11.528,0.435742365,0.977446159,0.757478,2.851337,10.36704,15.267751,244.0076,1869.64435,1.5417,-41.13467,45.19052,925.10828,562.52358,362.5847,0.00652903,0.03079873,-0.03112363,0.00061774,0.24987856,0.0298594,0.8415412,24.65,75.35,11.25956,19.35859,0.52822597,0.00224668,-41.23289,-13.33059,-0.9518468,0.057623,440,7.2,647.67,05CAJ-11_WB97XD_DMSO
05CAJ-13_WB97XD_DMSO,11.02,12.56,9.23,12.92,11.4325,1.458173086,22,225.17032,-0.286847,57,-0.036227,0.25062,20,5.666,4.19,8.894,10.925,0.455037694,0.96408401,0.379462,1.789681,5.665369,33.099544,124.8827,1586.3292,1.5906,-40.69894,49.7042,842.4276,522.20237,320.22523,0.00925419,0.0303746,-0.02518759,0.00048081,0.23338327,0.02672408,0.77288238,25.6,74.4,11.93381,19.61711,0.53300553,0.00398317,-42.10137,-13.56935,-0.9205972,0.045652,468,7.2,418.88,05CAJ-13_WB97XD_DMSO
05CAJ-14_WB97XD_DMSO,12.57,28.07,9.76,13.56,15.99,7.112323812,28,253.22356,-0.283346,65,-0.047846,0.235499,27,5.67,7.496,9.097,10.726,0.392620521,0.945855379,1.161968,4.573949,3.087541,32.245028,136.832,1892.43921,1.4994,-38.27867,32.93764,954.36919,648.83659,305.53261,0.00847835,0.02327667,-0.02294773,0.00047215,0.20555399,0.02080596,0.6305249,33.55,66.45,12.11186,19.68701,0.52850104,0.00367221,-42.4416,-13.78768,-0.8971061,0.04567,441,7.2,519.43,05CAJ-14_WB97XD_DMSO
05CAJ-15_WB97XD_DMSO,10.45,15.94,9.33,12.94,12.165,2.541146395,29,265.23429,-0.285033,68,-0.042869,0.242164,27,5.798,6.32,10.172,11.43,0.409354631,0.985684719,0.912842,3.948409,4.417491,32.442368,187.928,1929.05756,1.5407,-39.1252,32.1013,956.87357,643.19936,313.67422,0.00858794,0.02494913,-0.02496122,0.00042626,0.18226338,0.02246331,0.6790081,26.49,73.51,12.23506,19.6655,0.52686465,0.00370237,-41.02389,-14.94391,-0.8971347,0.042945,553,7.2,451.19,05CAJ-15_WB97XD_DMSO
05CAJ-16_WB97XD_DMSO,15.05,10.61,26.76,14.6,16.755,6.02934698,40,297.31084,-0.28208,79,-0.052136,0.229944,40,6.988,5.835,11.292,13.923,0.448405797,0.996207785,0.782382,3.369039,10.56372,20.246871,447.4952,2344.16004,1.4212,-43.69869,40.39912,1144.91925,679.51546,465.40379,0.00439558,0.02785401,-0.02985505,0.0005982,0.2359235,0.02806228,0.78008026,26.72,73.28,9.76863,17.97817,0.51214038,0.00194292,-42.10022,-13.69202,-0.902986,0.055573,439,7.2,692.13,05CAJ-16_WB97XD_DMSO
05CAJ-17_WB97XD_DMSO,16.39,10.87,27.59,14.76,17.4025,6.214231147,34,286.24177,-0.283904,75,-0.053222,0.230682,34,6.623,5.305,10.429,12.389,0.440529104,0.935301223,0.511763,2.2645,8.510506,34.498173,656.3024,2089.45901,1.5351,-42.49931,59.73928,1078.99028,600.56018,478.4301,0.00510162,0.03159626,-0.02815638,0.00073405,0.24327328,0.02973091,0.81827342,27.59,72.41,10.40392,17.97146,0.5188882,0.00267317,-42.04166,-13.79173,-0.9449912,0.058417,487,7.2,681.66,05CAJ-17_WB97XD_DMSO
05CAJ-18a_WB97XD_DMSO,11.02,12.47,9.23,12.69,11.3525,1.383227657,23,241.16973,-0.288681,61,-0.037049,0.251633,23,6.168,4.389,10.284,12.306,0.456132548,0.997568093,0.387677,1.983691,6.370474,32.20032,317.6074,1649.85674,1.638,-41.30487,60.46495,876.42375,508.40746,368.01629,0.00899455,0.03281349,-0.02391086,0.00066937,0.24511509,0.0282343,0.7911768,30.29,69.71,11.94207,19.6347,0.53483333,0.00432312,-42.10968,-13.79155,-0.9401904,0.045209,469,7.2,415.45,05CAJ-18a_WB97XD_DMSO
05CAJ-18b_WB97XD_DMSO,15.63,12.45,9.23,6.93,11.06,3.287202458,32,301.2665,-0.288052,77,-0.036695,0.251357,32,7.485,6.707,10.99,14.956,0.458028359,0.999064796,0.924734,4.324785,5.300774,32.710913,244.8297,2242.34657,1.5055,-40.78937,52.38654,1137.24131,709.05941,428.18191,0.00909697,0.02723177,-0.02093382,0.00050216,0.24747089,0.02339665,0.67648947,34.95,65.05,11.12125,19.62836,0.51764675,0.00416958,-42.16261,-13.13546,-0.9057266,0.037751,468,7.2,416.32,05CAJ-18b_WB97XD_DMSO
05CAJ-18c_WB97XD_DMSO,11.04,12.41,9.24,12.34,11.2575,1.286242104,25,269.17987,-0.291013,68,-0.037501,0.253513,23,6.76,4.32,10.124,13.388,0.481029031,0.990236686,0.365328,1.895251,6.934603,43.329625,279.0835,1814.17177,1.6627,-40.50452,37.0331,960.02053,582.29367,377.72686,0.00745826,0.02990925,-0.02715159,0.00051741,0.23813752,0.02764635,0.7843471,26.61,73.39,11.96522,19.64731,0.54021154,0.00362578,-42.14518,-13.00264,-0.9401872,0.043861,451,7.2,409.13,05CAJ-18c_WB97XD_DMSO
05CAJ-20_WB97XD_DMSO,10.88,12.33,9.9,10.49,10.9,0.896297942,23,241.16973,-0.290816,61,-0.031628,0.259188,23,6.456,4.185,9.6,12.76,0.480693163,0.988228005,0.371299,1.784672,7.822966,33.816834,266.8811,1649.09524,1.6388,-45.07112,60.5093,873.29975,528.85854,344.44121,0.00824322,0.03192592,-0.02811945,0.00077553,0.24967231,0.02932802,0.82789548,27.5,72.5,11.97623,19.69843,0.53571808,0.00453746,-41.41765,-13.80466,-0.9576159,0.046298,417,7.2,392.24,05CAJ-20_WB97XD_DMSO
05CAJ-21_WB97XD_DMSO,9.65,11.35,8.86,12,10.465,1.262903401,21,221.16338,-0.277045,56,-0.028995,0.248049,17,5.579,5.295,9.562,11.153,0.428796617,0.999551891,0.461895,2.867213,8.681927,40.222998,120.1978,1522.12395,1.6282,-45.68363,62.72162,797.28024,433.57197,363.70827,0.00733212,0.03931204,-0.03079073,0.00094277,0.22367533,0.03506789,0.96395601,23.68,76.32,11.66693,19.46086,0.53044038,0.00378543,-41.23951,-13.38524,-0.9213315,0.041444,469,7.2,426.86,05CAJ-21_WB97XD_DMSO
05CAJ-22a_WB97XD_DMSO,8.48,9.52,8.47,11.73,9.55,1.328965763,32,282.24655,-0.262288,73,-0.024563,0.237725,22,6.304,5.208,10.52,11.111,0.413987108,0.881265863,0.632155,2.615242,12.499078,51.243579,226.2305,2081.28798,1.5196,-46.20695,81.30338,1060.97787,590.06555,470.91232,0.00969533,0.04426724,-0.03362419,0.00137131,0.19335662,0.03943506,1.07602922,23.1,76.9,11.51474,19.30854,0.52132685,0.00353947,-41.35066,-13.83926,-0.9044597,0.047076,519,7.2,467.44,05CAJ-22a_WB97XD_DMSO
05CAJ-23a_WB97XD_DMSO,8.49,9.54,8.48,11.74,9.5625,1.328916382,37,324.28331,-0.263665,84,-0.025341,0.238324,33,7.248,5.488,12.451,14.279,0.443199454,0.985030353,0.692388,2.88438,12.011846,73.694661,384.3871,2401.5619,1.5131,-46.21577,92.35236,1220.05454,712.67548,507.37905,0.01461182,0.04997242,-0.03505643,0.00154026,0.1852124,0.04272136,1.19102505,19.4,80.6,11.54409,19.32452,0.52193897,0.00290665,-41.35196,-13.834,-0.904001,0.04469,517,7.2,465.15,05CAJ-23a_WB97XD_DMSO
05CAJ-25_WB97XD_DMSO,11.66,12.61,9.6,12.95,11.705,1.304041794,23,223.17927,-0.285891,57,-0.02933,0.256561,22,6.409,4.336,8.482,12.74,0.498474059,0.993914807,0.379809,1.927668,8.806491,44.798612,221.1593,1620.49621,1.5433,-45.02645,76.66201,855.25774,469.34831,385.90943,0.00784367,0.03947633,-0.03062841,0.00107321,0.21078517,0.03502716,0.96556801,20.18,79.82,11.35407,19.53418,0.52517709,0.00389615,-41.23985,-13.7715,-0.9138208,0.043732,466,7.2,398.22,05CAJ-25_WB97XD_DMSO
05CEJ_03_WB97XD_Chloroform,10.07,9.72,8.81,13.09,10.4225,1.607286144,44,302.36556,-0.267242,81,-0.034299,0.232942,23,6.586,7.044,10.081,13.106,0.433528497,0.994989371,1.16421,4.414622,6.80E-05,34.243395,0.0038,2524.89189,1.3419,-39.14563,18.87519,1169.56275,761.87176,407.69099,0.00204581,0.0133829,-0.01914037,0.00041001,0.10444586,0.01484981,0.41877948,63.1,36.9,11.45599,16.26999,0.50669257,0.00062947,-38.08566,-14.16153,-0.8157778,0.036862,558,4.4,482.28,05CEJ_03_WB97XD_Chloroform
05CEJ_11_WB97XD_Chloroform,11.7,9.84,7.91,10.92,10.0925,1.422662557,46,334.36437,-0.262953,89,-0.017359,0.245594,23,6.589,7.081,11.462,13.138,0.414696506,0.996964638,1.179884,4.640698,0.00106,15.327888,0.0655,2639.97414,1.4193,-39.29673,50.80249,1218.28377,666.69075,551.59302,-0.00190954,0.01311712,-0.02007172,0.00047484,0.2384546,0.0165174,0.44261775,67.47,32.53,11.39987,18.45912,0.51200441,0.00147063,-38.35897,-13.45561,-0.8449376,0.046766,475,4.4,434.84,05CEJ_11_WB97XD_Chloroform
05CEJ_12_WB97XD_Chloroform,11.55,9.84,7.78,10.89,10.015,1.427208814,52,362.41761,-0.2609,97,-0.013856,0.247044,50,6.906,7.1,10.495,12.238,0.410216874,0.886041124,1.163228,4.77134,0.001796,18.131762,0.1555,2950.11483,1.3766,-38.73438,16.22224,1379.38369,769.68371,609.69998,-0.00309501,0.01037073,-0.02009413,0.00033291,0.10745908,0.01520451,0.39915187,66.01,33.99,11.3438,17.2648,0.51042526,0.00089612,-38.86055,-13.31766,-0.8136013,0.04231,465,4.4,428.96,05CEJ_12_WB97XD_Chloroform
05CEJ_13_WB97XD_Chloroform,10.13,9.73,8.17,11.48,9.8775,1.179944384,50,330.4188,-0.263136,89,-0.022249,0.240887,23,6.589,7.086,12.068,13.138,0.406849994,0.996964638,1.174596,4.750285,0.000183,30.771544,0.0175,2810.66645,1.3173,-40.49452,16.99122,1285.51826,831.87976,453.6385,0.00104873,0.0113666,-0.01787213,0.00038833,0.09425439,0.01337284,0.37176996,72.05,27.95,11.35213,15.57318,0.50546638,0.00061104,-38.36152,-14.51418,-0.8051808,0.036478,515,4.4,449.69,05CEJ_13_WB97XD_Chloroform
05CEJ_14_WB97XD_Chloroform,8.34,9.89,7.78,11.1,9.2775,1.305572193,66,416.55455,-0.264236,113,-0.001769,0.262467,66,9.029,7.491,12.93,18.046,0.469129384,0.999335475,1.251494,5.181633,0.496942,35.287701,49.7981,3630.54857,1.2857,-46.26714,27.62379,1694.38222,979.26943,715.11278,-0.00062217,0.01177464,-0.01759826,0.00041039,0.1272057,0.01433857,0.38728592,67.8,32.2,11.2307,17.38239,0.50222754,0.00082932,-39.66635,-13.8441,-0.7936004,0.036682,431,4.4,383.48,05CEJ_14_WB97XD_Chloroform
05ChemEurJ-01_WB97XD_Dichloromethane,18.07,11.91,9.99,15.46,13.8575,3.125039,30,205.25346,-0.264428,55,0.024181,0.288609,28,7.315,4.194,7.179,14.556,0.561379151,0.9949419,0.515664,1.793966,6.89729,23.748442,146.4787,1797.33869,1.2797,-52.12894,24.02604,934.40367,521.03351,413.37016,-0.00103772,0.02035358,-0.02800044,0.00062852,0.18415547,0.02387654,0.64590213,37.26,62.74,10.6572,17.29179,0.50066421,0.00178883,-37.67042,-13.64007,-0.8096439,0.036604,410,3.4,303.22,05ChemEurJ-01_WB97XD_Dichloromethane
05ChemEurJ-02_WB97XD_Dichloromethane,14.73,12.63,10.28,12.89,12.6325,1.581144759,30,205.25346,-0.26428,55,0.013313,0.277594,30,5.753,6.721,9.117,11.475,0.420129609,0.997305754,0.920349,4.12407,5.347549,11.397883,122.8416,1784.09485,1.2892,-47.84132,22.03324,900.82161,547.60206,353.21955,0.00011969,0.0180896,-0.02773936,0.00045822,0.13332113,0.02184769,0.59520417,35.99,64.01,10.39298,17.01445,0.50013852,0.00181374,-37.99894,-12.92195,-0.8174765,0.035962,420,3.4,358.38,05ChemEurJ-02_WB97XD_Dichloromethane
05ChemEurJ-03_WB97XD_Dichloromethane,12.99,12.82,8.5,13.06,11.8425,1.931765708,39,277.31624,-0.268328,74,-0.011347,0.256981,37,7.992,6.854,8.938,15.89,0.50154662,0.994119119,0.905951,4.174618,3.530802,33.64786,156.6563,2312.94517,1.3436,-43.73734,22.37758,1162.55714,694.61554,467.94159,-0.00044627,0.01714092,-0.02655281,0.00040947,0.14674514,0.0210184,0.5695154,39.68,60.32,10.63181,17.28162,0.50773697,0.0014625,-38.09979,-13.57973,-0.8275459,0.040501,453,3.4,398.25,05ChemEurJ-03_WB97XD_Dichloromethane
05ChemEurJ-04_WB97XD_Dichloromethane,9.96,9.24,10.25,10.71,10.04,0.533713406,39,260.33207,-0.225154,70,0.01682,0.241974,37,7.098,6.547,9.28,13.772,0.465285989,0.970132432,0.880729,4.021047,3.426446,24.689764,164.6256,2257.94002,1.292,-49.64756,17.72535,1116.33039,712.10756,404.22283,-0.00231453,0.01335246,-0.02991461,0.00048197,0.06739665,0.02004576,0.52652961,51.77,48.23,10.20456,17.01004,0.4984235,0.00185422,-38.24386,-13.64087,-0.8109924,0.037636,504,3.4,453.86,05ChemEurJ-04_WB97XD_Dichloromethane
05ChemEurJ-05_WB97XD_Dichloromethane,9.13,8.96,8.14,10.65,9.22,0.906504275,48,332.39485,-0.229885,89,-0.007931,0.221954,46,8.053,6.398,13.11,15.193,0.437825999,0.943313051,0.902323,3.998286,2.731704,21.894249,182.3019,2770.37614,1.3445,-39.98567,14.55997,1367.90351,844.08599,523.81751,-0.00254728,0.01120853,-0.02471357,0.00034048,0.07029128,0.01705927,0.44572461,64.36,35.64,10.43861,17.15944,0.50552788,0.00151778,-37.13778,-13.62724,-0.8098084,0.037854,566,3.4,537.07,05ChemEurJ-05_WB97XD_Dichloromethane
05DAPA_WB97XD_DMSO,9.11,8.97,8.24,10.71,9.2575,0.901315012,36,276.28838,-0.232644,73,-0.012367,0.220276,25,6.804,5.839,10.256,12.931,0.44549714,0.950249853,0.818672,3.119244,3.196123,17.164571,177.1931,2147.95387,1.4414,-38.68516,49.27894,1046.18381,580.60437,465.57944,-0.00193514,0.01672696,-0.02520786,0.00044107,0.23592432,0.0207508,0.55786565,46.33,53.67,10.5314,18.34329,0.51035884,0.00257149,-37.22773,-13.51275,-0.8550988,0.040298,571,7.2,554.38,05DAPA_WB97XD_DMSO
05iBule1_WB97XD_dichloromethane,13.8,11.67,10.63,11.19,11.8225,1.199570236,29,223.22565,-0.273241,59,-0.002354,0.270887,19,6.798,4.287,9.014,13.597,0.505502268,1.000073551,0.405269,1.875231,2.856847,21.210892,43.6922,1762.87971,1.4189,-34.31522,20.78323,910.17801,484.27033,425.90769,-0.00154538,0.01493671,-0.02028602,0.00024674,0.19190821,0.01756527,0.47456263,48.82,51.18,11.00965,17.62383,0.51607989,0.00192646,-38.26582,-13.27649,-0.8323657,0.039784,418,3.4,376.17,05iBule1_WB97XD_dichloromethane
05iBule2_WB97XD_dichloromethane,40.11,11.91,10.69,12.99,18.925,12.25820032,28,237.20917,-0.291786,62,-0.009912,0.281874,19,6.801,4.19,9.457,13.573,0.498640705,0.997867961,0.33832,1.790396,2.71855,34.713045,151.473,1776.52755,1.4963,-43.43981,27.03528,917.20521,498.42404,418.78117,0.00108976,0.01897261,-0.02019402,0.00045528,0.18152359,0.0194555,0.53144614,47.1,52.9,11.286,17.91299,0.52120759,0.00187457,-38.16929,-13.21786,-0.8621429,0.039257,394,3.4,350.69,05iBule2_WB97XD_dichloromethane
05iBule3_WB97XD_dichloromethane,13.61,12.25,10.71,10.35,11.73,1.298999615,29,253.20858,-0.291717,66,-0.00867,0.283047,19,6.799,4.19,10.013,13.596,0.489082341,0.99985292,0.332424,1.790347,1.867842,25.1204,205.4845,1834.52037,1.5467,-39.98368,55.7217,943.23956,436.61487,506.62468,-0.00108498,0.01938834,-0.01872912,0.00045303,0.24781837,0.01897178,0.51794867,52.03,47.97,11.27283,18.5702,0.52652956,0.00226292,-38.20043,-13.2323,-0.8758235,0.041378,394,3.4,348.9,05iBule3_WB97XD_dichloromethane
05iBule4_WB97XD_dichloromethane,14.87,11.36,10.4,10.73,11.84,1.783045148,41,322.31381,-0.282604,85,-0.007743,0.274861,36,6.857,6.829,12.196,13.59,0.416679442,0.990958145,0.852293,4.206659,3.280442,27.196011,314.128,2441.14261,1.4796,-51.63451,24.79393,1204.8149,720.89488,483.92002,0.00112393,0.0187096,-0.02507342,0.00051287,0.14482562,0.02105997,0.57866809,39.88,60.12,11.1848,17.77432,0.51770029,0.00176374,-38.50626,-13.26535,-0.854839,0.042336,408,3.4,365.55,05iBule4_WB97XD_dichloromethane
05iBule5_WB97XD_dichloromethane,14.36,11.68,10.83,11.54,12.1025,1.342616382,23,195.17241,-0.276249,51,-0.005095,0.271154,19,5.573,4.149,9.018,11.147,0.458460146,1.000089718,0.260311,1.748753,2.726726,14.635913,41.1763,1453.30086,1.5049,-31.75225,56.47195,749.05275,353.13102,395.92173,-0.00013981,0.02020046,-0.01828173,0.00054066,0.20857064,0.01917849,0.52208541,52.6,47.4,11.06706,18.6649,0.52032951,0.00316559,-38.0784,-13.40026,-0.8849496,0.040377,418,3.4,374.91,05iBule5_WB97XD_dichloromethane
05iBule6_WB97XD_dichloromethane,7.62,11.51,9.35,9.73,9.5525,1.38192574,47,333.38288,-0.265933,89,0.002293,0.268225,40,8.201,7.277,8.83,16.403,0.504552445,1.000060968,0.985895,4.517532,5.290465,5.249916,316.4964,2659.50884,1.4047,-40.09074,29.14813,1262.27285,800.86043,461.41241,0.00303476,0.01972775,-0.0259388,0.00042344,0.18826571,0.02127026,0.59859998,37.63,62.37,10.8007,17.30333,0.5053525,0.00155425,-38.95837,-13.72704,-0.8414916,0.040194,432,3.4,385.3,05iBule6_WB97XD_dichloromethane
05iBule7_WB97XD_dichloromethane,16.94,11.29,10.14,11.37,12.435,2.646096181,27,191.22684,-0.27201,51,-0.010661,0.26135,27,5.862,4.174,8.988,11.724,0.471108254,1,0.417359,1.773611,5.999015,7.482501,160.4802,1626.98439,1.3171,-40.36756,31.20735,823.85211,487.21406,336.63805,0.00234433,0.02118556,-0.02492446,0.00044379,0.21126674,0.02233847,0.61806116,37.98,62.02,10.95436,17.36817,0.50685614,0.0015357,-37.60637,-13.83681,-0.8352504,0.03899,451,3.4,399.46,05iBule7_WB97XD_dichloromethane
05m-DAPA_WB97XD_Chloroform,18.54,12.19,11.91,9.11,12.9375,3.451531363,26,192.21486,-0.274979,51,0.005126,0.280105,22,5.277,4.211,8.383,10.247,0.44862309,0.970911503,0.397856,1.700361,0.859569,28.779036,103.5947,1582.14612,1.3614,-39.79627,43.81721,799.41898,430.91134,368.50764,0.0014545,0.02351416,-0.02434078,0.00052923,0.24978112,0.02380156,0.6502216,38.14,61.86,9.9936,17.96628,0.50780808,0.0027826,-37.4018,-13.50537,-0.846168,0.038629,,4.4,,05m-DAPA_WB97XD_Chloroform
05MBRF1_WB97XD_Acetonitrile,15.38,14.13,11.05,13.48,13.51,1.57589657,35,221.29595,-0.260859,60,0.008351,0.26921,33,7.338,5.75,9.488,14.552,0.488486069,0.991550831,0.752247,3.180023,3.391204,21.890866,122.1943,2017.55897,1.2291,-44.66614,25.05924,1019.15427,596.96477,422.1895,-0.00135699,0.01465591,-0.02399881,0.00043031,0.16368374,0.01879039,0.504125,51.43,48.57,10.53891,16.60078,0.4994141,0.00144825,-37.66039,-13.30161,-0.8016862,0.033581,432,6.2,362.78,05MBRF1_WB97XD_Acetonitrile
05MBRF2_WB97XD_Acetonitrile,15.24,14.14,13.55,13.5,14.1075,0.700620261,28,177.24331,-0.261528,48,-0.004176,0.257353,28,5.592,5.752,9.519,11.061,0.420059244,0.989002146,0.760682,3.101108,5.472076,15.802713,151.5268,1646.28722,1.2065,-47.48204,27.95412,830.83713,520.44068,310.39645,0.00177586,0.0184219,-0.02613451,0.00055899,0.14788854,0.02090379,0.57969203,40.9,59.1,10.50835,16.31559,0.49431828,0.00145508,-37.0451,-13.23671,-0.8105906,0.030708,509,6.2,390.56,05MBRF2_WB97XD_Acetonitrile
05MBRF3_WB97XD_Acetonitrile,11.76,13.22,10.69,13.24,12.2275,1.071526365,39,247.33331,-0.257925,67,-0.015586,0.242339,37,7.775,5.947,9.97,15.108,0.486962127,0.971575563,0.745038,3.498625,7.609379,17.98074,404.3094,2273.00025,1.2194,-49.96176,26.08774,1144.67483,708.98118,435.69365,0.00105358,0.01743248,-0.02559894,0.00049173,0.17215728,0.02030037,0.55894496,44.81,55.19,10.35753,16.54202,0.49633557,0.00155093,-37.42774,-13.34622,-0.8066426,0.032547,538,6.2,401.69,05MBRF3_WB97XD_Acetonitrile
05MBRF4_WB97XD_Acetonitrile,11.67,13.22,11.33,13.22,12.36,0.868360524,32,203.28067,-0.258616,55,-0.022887,0.235729,31,7.114,5.761,9.571,14.081,0.478733893,0.98966826,0.736104,3.26148,9.548634,27.723038,541.8971,1902.42638,1.1974,-52.25721,30.23952,956.12035,615.34134,340.77902,0.00482519,0.02304188,-0.02806851,0.00069138,0.15459348,0.02363575,0.67575286,32.65,67.35,10.39711,16.21553,0.49088785,0.00154003,-36.94766,-13.34479,-0.8146044,0.029933,600,6.2,417.1,05MBRF4_WB97XD_Acetonitrile
05MBRF5_WB97XD_Acetonitrile,27.85,11.29,12.85,11.93,15.98,6.875543615,32,207.26934,-0.244566,56,-0.001444,0.243122,31,6.078,5.839,8.57,11.647,0.446998772,0.958127674,0.757869,3.191136,6.733115,25.193282,140.417,1858.77704,1.2495,-52.32601,28.43038,930.42614,537.47506,392.95108,0.00041822,0.02040388,-0.02691798,0.00062851,0.15234324,0.02309168,0.63007982,38.35,61.65,10.52393,17.2613,0.49898764,0.00158452,-37.23192,-13.41924,-0.8103319,0.033257,548,6.2,442.77,05MBRF5_WB97XD_Acetonitrile
05MBRF6_WB97XD_Acetonitrile,10.5,10.45,10.04,16.08,11.7675,2.496210879,52,349.42211,-0.242963,94,-0.025412,0.217551,40,8.1,6.754,13.547,16.03,0.441220996,0.989506173,0.856097,4.122414,6.867565,33.109035,219.6659,3012.331,1.2998,-53.66355,28.24879,1436.1214,805.92298,630.19842,-0.00392819,0.01676269,-0.03038853,0.00068483,0.14620749,0.02343614,0.61884073,43.18,56.82,10.60752,17.28897,0.50447643,0.00137232,-38.3405,-13.44858,-0.8220051,0.04022,684,6.2,520.16,05MBRF6_WB97XD_Acetonitrile
05MBRF7_WB97XD_Acetonitrile,10.14,10.49,10.61,9.9,10.285,0.281469359,44,302.36883,-0.245735,81,-0.036653,0.209082,42,8.091,6.069,11.036,16.138,0.485455585,0.997280929,0.738833,3.587559,10.848767,33.174277,298.2403,2634.66214,1.286,-60.361,35.32007,1288.09398,719.46129,568.63269,-0.00121686,0.02143856,-0.02988158,0.00091857,0.15840658,0.02532535,0.68479508,42.14,57.86,10.51118,17.35052,0.50284065,0.00146015,-37.93948,-13.46889,-0.8169544,0.033649,719,6.2,575.21,05MBRF7_WB97XD_Acetonitrile
05MBRF8_WB97XD_Acetonitrile,9.96,10.49,11.09,17.97,12.3775,3.253485631,36,255.31555,-0.247733,68,-0.042414,0.205319,36,6.975,6.056,11.064,13.791,0.446151855,0.988602151,0.748919,3.504053,12.688502,32.680587,440.8261,2262.28144,1.2647,-52.55049,39.42603,1106.22161,655.01106,451.21054,0.00353817,0.02614707,-0.02928259,0.00088008,0.20063718,0.02693616,0.74629936,37.32,62.68,10.54191,17.39213,0.49851493,0.00140963,-32.07791,-13.41508,-0.8148241,0.02519,746,6.2,604.29,05MBRF8_WB97XD_Acetonitrile
05NC04_WB97XD_Chloroform,15.85,21.12,8.82,10.72,14.1275,4.786509036,56,436.45808,-0.311079,115,-0.041125,0.269955,50,9.097,7.638,11.463,18.012,0.485328591,0.989996702,0.879631,4.588096,1.113678,56.970049,121.2985,3412.52481,1.4332,-40.35152,33.34098,1612.68748,988.58871,624.09877,3.76E-05,0.01998143,-0.03155402,0.00046534,0.17645,0.02445146,0.66558881,33.28,66.72,11.26658,16.15564,0.51423315,0.00076874,-37.84439,-13.75772,-0.8681113,0.049201,471,4.4,457.07,05NC04_WB97XD_Chloroform
05NC05_WB97XD_Chloroform,10.75,8.57,8.24,9.39,9.2375,0.96843624,36,276.28838,-0.273932,73,-0.038461,0.235471,36,7.162,4.316,11.781,14.053,0.466102819,0.981080704,0.42229,1.916384,0.005378,10.785257,13.6521,2200.22595,1.4072,-38.03433,18.4303,1102.41007,679.28992,423.12015,0.00124233,0.01557303,-0.02176462,0.00036168,0.11817162,0.01767873,0.48842925,50.79,49.21,11.19338,16.08401,0.51614212,0.00117086,-37.86179,-13.34925,-0.8611999,0.041452,502,4.4,460.85,05NC05_WB97XD_Chloroform
05NC06_WB97XD_Chloroform,9.07,8.65,8.4,10.27,9.0975,0.718031162,56,392.4469,-0.270367,105,-0.035859,0.234509,54,9.436,6.719,12.062,18.796,0.50019959,0.99597287,0.896423,4.318606,0.014653,28.636777,7.3707,3233.73624,1.3599,-34.33165,16.37752,1567.14795,895.1435,672.00445,-0.00157963,0.01113696,-0.01851877,0.00026668,0.14154977,0.01457682,0.38918639,68.93,31.07,11.14776,16.34121,0.51141002,0.00082861,-38.6893,-13.8572,-0.8220672,0.03872,518,4.4,465.56,05NC06_WB97XD_Chloroform
05NC07_WB97XD_Chloroform,11.77,8.17,8.39,10.52,9.7125,1.501139151,46,334.3709,-0.261958,89,-0.033168,0.228789,42,8.1,4.19,11.894,15.923,0.497484925,0.982901235,0.45562,1.789932,5.10E-05,31.465978,0.0064,2684.90392,1.3955,-41.46444,22.73073,1300.37669,720.51512,579.86156,-0.00228092,0.01410859,-0.02264594,0.00037483,0.13425682,0.01823374,0.48750697,52.2,47.8,10.99098,16.66652,0.51141336,0.00121234,-38.70998,-13.75379,-0.8388598,0.039091,543,4.4,484.88,05NC07_WB97XD_Chloroform
05NC08_WB97XD_Chloroform,19.49,9.98,8.86,8.64,11.7425,4.501790616,31,234.25162,-0.255711,62,-0.030289,0.225422,19,6.055,4.177,9.994,11.004,0.437100298,0.90867052,0.390558,1.777075,5.023547,13.915952,236.2034,1889.23683,1.3894,-44.06868,49.46791,950.74053,523.01393,427.7266,0.00064562,0.0198501,-0.02283716,0.00061539,0.24824094,0.02113514,0.57671649,50.98,49.02,10.88183,17.92047,0.51232331,0.00181175,-37.9468,-13.43269,-0.8558621,0.040794,556,4.4,511.43,05NC08_WB97XD_Chloroform
05NC09_WB97XD_Chloroform,14.1,10,8.84,9.46,10.6,2.061989331,41,292.33088,-0.253967,78,-0.028837,0.22513,41,6.993,6.718,11.868,13.941,0.42859778,0.996782497,0.766199,4.318492,2.934799,31.131726,303.6138,2405.68641,1.3617,-37.25979,47.99949,1182.80781,598.65404,584.15377,-0.00136011,0.01670828,-0.01987702,0.00048188,0.24992056,0.01831998,0.49723975,55.7,44.3,10.84915,17.88624,0.50988408,0.00144783,-38.74652,-13.50383,-0.8309386,0.039095,566,4.4,513.94,05NC09_WB97XD_Chloroform
05NC10_WB97XD_Chloroform,22.13,9.67,8.82,10.05,12.6675,5.481297178,36,263.29288,-0.249775,70,-0.027688,0.222087,36,6.331,4.189,11.001,12.395,0.449338409,0.978913284,0.420001,1.78927,4.948514,19.990104,304.6845,2131.8639,1.384,-45.41463,46.53496,1049.68665,528.26295,521.4237,-0.00122769,0.01986832,-0.0226004,0.00055883,0.2398571,0.02126102,0.57757418,44.76,55.24,10.76727,17.82743,0.50976624,0.00177963,-38.75305,-13.52944,-0.8422633,0.039258,581,4.4,527.09,05NC10_WB97XD_Chloroform
05o-DAPA_WB97XD_Chloroform,11.15,10.81,8.07,10.83,10.215,1.24574275,26,192.21486,-0.250839,51,-0.015813,0.235026,26,5.911,4.386,7.777,11.817,0.492785655,0.99957706,0.3883,1.953311,1.341507,20.000264,221.6249,1577.41913,1.3655,-37.34374,46.79552,795.08738,433.92212,361.16527,0.00098092,0.02010503,-0.02199576,0.00045826,0.24920821,0.02088435,0.57045635,44.68,55.32,10.35208,17.80112,0.50682686,0.00260062,-37.5304,-13.81685,-0.8510462,0.039682,531,4.4,470.98,05o-DAPA_WB97XD_Chloroform
05p-DAPA_WB97XD_Chloroform,17.15,10.8,8.75,11.01,11.9275,3.141817746,26,192.21486,-0.236374,51,-0.021234,0.215139,26,6.058,4.176,8.782,11.619,0.472759084,0.958979861,0.34834,1.776193,0.000739,28.70362,0.0364,1578.61809,1.3644,-37.68356,41.84603,799.42431,429.61062,369.81369,0.00119708,0.02227171,-0.02328521,0.00045961,0.24996793,0.02266354,0.61880204,38.73,61.27,10.57682,17.65823,0.50735842,0.00264124,-37.51647,-13.63579,-0.8470345,0.039327,618,4.4,577.61,05p-DAPA_WB97XD_Chloroform
05Ph-red_WB97XD_Chloroform,9.33,9.58,8.2,10.5,9.4025,0.819645503,60,388.50132,-0.229938,105,-0.01256,0.217378,59,8.582,6.858,13.21,17.064,0.459549715,0.994173852,1.011371,4.470367,0.124827,22.5901,25.0584,3311.36361,1.3147,-33.46979,19.33072,1568.84238,970.0356,598.80678,-0.00152579,0.00889352,-0.01840452,0.00023792,0.15929621,0.01296064,0.34078839,70.34,29.66,10.51459,17.34406,0.50291029,0.00149613,-38.92375,-13.34639,-0.8131183,0.035649,610,4.4,558.88,05Ph-red_WB97XD_Chloroform
05SBF1_WB97XD_Dichloromethane,11.07,12.91,9.33,13.34,11.6625,1.593884798,16,197.11709,-0.297322,49,-0.037005,0.260317,5,5.582,3.459,8.318,11.162,0.486594882,0.999820853,0.036718,0.126983,4.938951,33.157498,97.332,1283.52473,1.7209,-38.77236,63.56268,695.78833,386.8361,308.95223,0.0080972,0.03370616,-0.02396755,0.00082779,0.22527364,0.02899112,0.79952237,32.18,67.82,11.90154,19.66666,0.54676552,0.00554822,-41.34822,-13.20427,-0.9666383,0.041155,432,3.4,386.62,05SBF1_WB97XD_Dichloromethane
05SBF2_WB97XD_Dichloromethane,10.88,11.77,9.15,12.18,10.995,1.164270158,23,237.18106,-0.282496,60,-0.036048,0.246447,21,5.52,4.195,8.517,10.96,0.462994255,0.992753623,0.457634,1.794947,6.394712,33.554602,146.435,1643.68652,1.617,-39.8818,32.46079,847.51174,516.67626,330.83548,0.00778148,0.02965892,-0.02638521,0.00044424,0.22631882,0.02703132,0.77228613,21.54,78.46,12.0102,19.58824,0.53670698,0.00397368,-42.05595,-13.68844,-0.9228735,0.046185,463,3.4,421.27,05SBF2_WB97XD_Dichloromethane
05SBF3_WB97XD_Dichloromethane,10.35,9.54,8.65,10.8,9.835,0.819710315,30,250.24774,-0.258712,65,-0.029267,0.229445,25,5.776,5.266,8.947,11.247,0.441751767,0.973597645,0.74678,2.866267,1.577867,44.439057,129.3881,1939.96001,1.4455,-41.74007,22.59325,962.18518,653.24069,308.94449,0.0042916,0.02086965,-0.03076149,0.00044928,0.13770042,0.02263663,0.65431901,29.03,70.97,11.7849,19.20047,0.51785369,0.00248389,-42.0333,-14.14486,-0.854533,0.043245,533,3.4,495.29,05SBF3_WB97XD_Dichloromethane
05SBF4_WB97XD_Dichloromethane,7.97,9.04,8.73,10.16,8.975,0.787162626,32,274.26921,-0.244152,71,-0.022534,0.221618,30,6.801,4.194,9.868,13.373,0.487443047,0.983164241,0.548614,1.793551,0.000836,50.661748,0.0269,2075.12393,1.4811,-42.4207,21.29062,1024.12493,711.05539,313.06954,0.00368553,0.01937082,-0.03193951,0.0004632,0.14801933,0.02188965,0.63165791,31.65,68.35,11.58912,19.14494,0.51843734,0.00254874,-42.48822,-13.79304,-0.8660642,0.041641,491,3.4,523.3,05SBF4_WB97XD_Dichloromethane
05SBF5_WB97XD_Dichloromethane,8.63,9.15,8.56,9.24,8.895,0.302696217,38,302.32245,-0.249868,79,-0.025594,0.224274,34,7.18,5.429,9.964,14.061,0.47738847,0.979178273,0.757674,3.025461,2.651198,50.456865,160.1502,2339.83948,1.4479,-43.6175,19.46187,1126.37549,796.9777,329.39779,0.00373705,0.01854268,-0.03208516,0.00048155,0.10422798,0.02109733,0.61233913,28.57,71.43,11.60287,19.11849,0.5133941,0.00213916,-42.28799,-14.09926,-0.8503418,0.038784,543,3.4,515.63,05SBF5_WB97XD_Dichloromethane
05SBF6_WB97XD_Dichloromethane,9.17,9.18,8.67,10.67,9.4225,0.749178717,44,330.37568,-0.256564,87,-0.030468,0.226096,42,7.44,6.423,10.045,14.84,0.474000256,0.997311828,0.999709,3.95081,0.49636,46.858561,66.8094,2633.37624,1.4059,-42.3742,19.99743,1230.50639,897.13839,333.36799,0.00409112,0.01646229,-0.02920138,0.00042891,0.0895017,0.018152,0.54187542,43.09,56.91,11.72906,19.18685,0.50886496,0.0020332,-42.27272,-14.84218,-0.8419528,0.037045,539,3.4,513.18,05SBF6_WB97XD_Dichloromethane
05SBF7_WB97XD_Dichloromethane,14.15,8.43,9,9.42,10.25,2.278914215,38,306.44962,-0.257562,81,-0.030293,0.227269,36,6.159,6.644,11.05,11.062,0.384684935,0.898035395,1.090367,4.510978,0.006373,53.059579,0.4069,2519.51798,1.363,-45.23299,28.1097,1149.95322,777.97136,371.98186,0.0028686,0.02026443,-0.03351344,0.00055373,0.14591788,0.02362657,0.66804389,29.89,70.11,10.55385,16.44539,0.49544753,0.00142639,-32.51542,-13.21801,-0.803228,0.027271,582,3.4,521.7,05SBF7_WB97XD_Dichloromethane
05SBF8_WB97XD_Dichloromethane,10.6,19.68,9.3,10.21,12.4475,4.202245679,24,314.18504,-0.278601,78,-0.062726,0.215874,24,6.626,7.285,9.488,12.265,0.422377574,0.925520676,0.988199,4.199966,14.060764,81.544887,678.0517,2161.06682,1.6292,-61.0946,161.94174,1102.15537,565.71703,536.43834,0.01026054,0.05289034,-0.03469599,0.00408102,0.11691333,0.04445295,1.19824878,22.64,77.36,10.18912,36.00794,0.54474389,0.02373358,-42.13065,-8.8888,-0.8538757,0.043725,654,3.4,578.13,05SBF8_WB97XD_Dichloromethane
05CC-1_WB97XD_Dichloromethane,9.77,9.32,7.79,11.57,9.6125,1.347560295,46,308.37338,-0.236619,83,-0.009637,0.226982,31,7.556,7.324,11.662,14.68,0.436048239,0.971413446,1.160091,4.830349,1.987635,20.73233,189.5748,2619.89883,1.319,-44.0728,15.66707,1288.04035,766.2757,521.76466,-0.00276936,0.01139262,-0.02356797,0.00038352,0.07325033,0.01694663,0.44421669,63.3,36.7,10.60163,16.593,0.50533355,0.00133899,-38.41722,-13.60425,-0.8030253,0.038809,551,3.4,513.13,05CC-1_WB97XD_Dichloromethane
05CC-2_WB97XD_Dichloromethane,10.79,9.7,8.07,10.04,9.65,0.993805816,43,294.34676,-0.235172,79,-0.011437,0.223735,31,7.806,6.652,11.685,15.307,0.454969683,0.980463746,0.899007,4.167002,1.001213,23.614251,98.1461,2477.96292,1.3311,-45.07808,16.45153,1238.96323,712.29428,526.66896,-0.00247465,0.01188672,-0.0218977,0.00030876,0.09663189,0.01660468,0.43925354,61.78,38.22,10.4635,17.46625,0.50663963,0.00150375,-38.56446,-13.54488,-0.8070869,0.039426,566,3.4,534.51,05CC-2_WB97XD_Dichloromethane
05DDT-A_WB97XD_Chloroform,11.27,10.89,7.97,10.4,10.1325,1.286047725,42,338.30995,-0.305518,89,-0.02745,0.278068,26,8.115,6.324,11.509,14.576,0.449751612,0.898089957,0.828734,3.60385,3.107298,29.152624,143.5338,2591.95049,1.4626,-42.05527,18.80037,1314.45434,737.18309,577.27125,-0.00310881,0.01448833,-0.0255806,0.00039262,0.09872777,0.01983377,0.52680536,51.42,48.58,11.43516,16.79509,0.52147835,0.0010446,-37.54237,-13.14509,-0.8489953,0.048435,362,4.4,348.3,05DDT-A_WB97XD_Chloroform
05DDT-T_WB97XD_Chloroform,11.41,10.76,8.25,12.72,10.785,1.62493846,62,454.46846,-0.309898,121,-0.026624,0.283274,60,8.909,7.646,15,17.399,0.434486203,0.976484454,1.043411,4.856707,4.348222,36.100006,467.1684,3622.40008,1.4059,-50.54861,18.5828,1744.0345,1053.38649,690.64801,-0.00311857,0.01246881,-0.02689267,0.00053482,0.08917461,0.01897264,0.49472312,57.86,42.14,11.55767,16.80635,0.51446573,0.00078746,-39.15064,-13.50283,-0.8254385,0.045793,359,4.4,335.95,05DDT-T_WB97XD_Chloroform
05DT-C04_WB97XD_Chloroform,13.48,11.28,8.35,10.93,11.01,1.820425774,44,310.3429,-0.274394,83,-0.026588,0.247806,42,10.68,4.178,8.385,21.263,0.628599302,0.995458801,0.534353,1.7783,0.001671,42.851351,0.1136,2566.2584,1.3551,-34.00801,17.74696,1322.44313,853.29672,469.14642,0.0019337,0.01429464,-0.02054872,0.00024459,0.1469358,0.01598269,0.4493502,52.49,47.51,11.01399,18.61173,0.5129164,0.0016522,-38.5733,-13.85831,-0.8352931,0.044558,451,4.4,430.24,05DT-C04_WB97XD_Chloroform
05JPCL2_WB97XD_Chloroform,11.39,9.8,8.26,10.73,10.045,1.175212747,42,312.31895,-0.234342,83,-0.014578,0.219764,42,8.172,4.188,13.621,16.01,0.473402525,0.979564366,0.476292,1.788119,0.001588,22.622974,0.1925,2453.64648,1.4264,-34.81411,49.56142,1251.4394,589.08525,662.35416,-0.00341618,0.01692037,-0.02150313,0.00042233,0.2481223,0.01934924,0.52642876,46.61,53.39,10.5215,17.71052,0.51180031,0.00247889,-38.87242,-13.31014,-0.8491364,0.045661,592,4.4,548.81,05JPCL2_WB97XD_Chloroform
